Green,#00FF00
Green (X11, color wheel),#00FF00
Green (HTML/CSS color),#008000
Dark green (X11),#006400
Light green,#90EE90
Lime green,#32CD32
Bright green,#66FF00
Pale green,#98FB98
Erin,#00FF40
Harlequin,#3FFF00
Neon green,#39FF14
Green (CMYK) (pigment green),#00A550
Green (NCS),#009F6B
Green (Munsell),#00A877
Green (Pantone),#00AD83
Green (Crayola),#01A368
Apple green,#8AB800
Artichoke green (Pantone),#4B6F44
Evergreen,#05472A
Fern green,#4F7942
Fern,#63B76C
Forest green,#228B22
Honeydew,#F0FFF0
Jungle green,#29AB87
Kelly green,#4CBB17
Kombu green,#354230
Laurel green,#A9BA9D
Mantis,#74C365
Moss green,#8A9A5B
Mint green,#98FB98
Myrtle,#21421E
Olive,#808000
Pine green,#01796F
Reseda chartreuse,#6C7C59
Sap green,#507D2A
Tea green,#D0F0C0
Emerald,#50C878
Green earth,#DADD98
Hooker&#39;s green,#49796B
Jade,#00A86B
Malachite,#0BDA51
Sea green,#2E8B57
Celadon,#ACE1AF
Hunter green,#355E3B
India green,#138808
Islamic green,#009000
MSU green,#18453B
NDHU green,#0D5C33
Pakistan green,#01411C
Persian green,#00A693
Rifle green,#444C38
Russian green,#679267
SGBUS green,#55DD33
