Pink,#FFC0CB
Pink,#FFC0CB
Light Pink,#FFB6C1
Hot Pink,#FF69B4
Deep Pink,#FF1493
Pastel pink,#FFD1DC
Champagne Pink,#F1DDCF
Pink Lace,#FFDDF4
Piggy Pink,#FDDDE6
Pale Pink,#F9CCCA
Baby Pink,#F4C2C2
Pink (G&amp;S),#F7BFBE
Cameo Pink,#EFBBCC
Orchid Pink,#F2BDCD
Fairy Tale,#F2C1D1
Cherry Blossom Pink,#FFB7C5
Light Hot Pink,#FFB3DE
Lavender Pink,#FBAED2
Cotton Candy,#FFBCD9
Carnation Pink,#FFA6C9
Baker-Miller Pink,#FF91AF
Tickle Me Pink,#FC89AC
Amaranth Pink,#F19CBB
American Pink,#FF9899
Charm Pink,#E68FAC
China Pink,#DE6FA1
Mimi Pink,#FFDAE9
Misty Rose,#FFE4E1
Tango Pink,#E4717A
Congo Pink,#F88379
Coral Pink,#F88379
New York Pink,#D7837F
Solid Pink,#893843
Silver Pink,#C4AEAD
Queen Pink,#E8CCD7
Pink Lavender,#DBB2D1
Mountbatten Pink,#997A8D
Chilean Pink,#E8C3BA
Pale Dogwood,#EDCDC2
Pink (Pantone),#D74894
Mexican Pink,#E4007C
Barbie Pink,#DA1884
Fandango Pink,#DE5285
Paradise Pink,#E63E62
Brink Pink,#FB607F
French Pink,#FD6C9E
Bright Pink,#FF007F
Persian Pink,#F77FBE
Rose Pink,#FF66CC
Light Deep Pink,#FF5CCD
Ultra Pink,#FF6FFF
Shocking Pink,#FC0FC0
Super Pink,#CF6BA9
Rose Pompadour,#ED7A9B
Steel Pink,#CC33CC
Bubblegum Pink,#F58092
Lusty gallant,#FFCCCC
